Key;EnglishText;PortugueseText
HomeBtn;Home;In√≠cio
ContactBtn;Contact;Contacto
ProductsBtn;Products;Produtos
RegisterBtn;Register;Registar
LoginBtn;Login;Iniciar Sess√£o
HomeTitle;Welcome to the Pixel Potion Shop!;Bemvindo √† Loja de Po√ß√µes Pixel!
HomeText;Step into a world where magic fizzes in glass bottles and every pixel sparkles with possibility. Whether you need motivation for Mondays, courage for your next adventure, or a quick excuse for that ‚Äúforgotten‚Äù homework, our handcrafted potions are brewed with care and humor. Each vial is pixel-perfect and enchanted to bring a smile ‚Äî no side effects (probably). Browse our shelves, discover your potion, and let a bit of pixel magic brighten your day!;Entre num mundo onde a magia borbulha em frascos de vidro e cada pixel brilha com possibilidades. Quer precise de motiva√ß√£o para as segundas-feiras, coragem para a sua pr√≥xima aventura, ou uma desculpa r√°pida para aquele trabalho de casa "esquecido", as nossas po√ß√µes artesanais s√£o preparadas com cuidado e humor. Cada frasco √© pixel-perfeito e encantado para trazer um sorriso ‚Äî sem efeitos secund√°rios (provavelmente). Explore as nossas prateleiras, descubra a sua po√ß√£o, e deixe um pouco de magia pixel iluminar o seu dia!
ContactTitle;Contact the Potion Master;Contacte o Mestre das Po√ß√µes
ContactText;Need help with your order, a replacement bottle, or a custom brew idea? Send us a message below and we will respond faster than a teleportation spell!;Precisa de ajuda com a sua encomenda, um frasco de substitui√ß√£o, ou uma ideia de mistura personalizada? Envie-nos uma mensagem abaixo e responderemos mais r√°pido do que um feiti√ßo de teletransporte!
ContactLabel1;Adventurer Name:;Nome do Aventureiro:
ContactLabel2;Raven Address (Email):;Endere√ßo do Corvo (Email):
ContactLabel3;Potion Inquiry:;Consulta sobre Po√ß√£o:
ContactLabel4;Your Message:;A Sua Mensagem:
ContactSendBtn;Send Your Scroll ‚úâÔ∏è;Enviar o Seu Pergaminho ‚úâÔ∏è
ContactPlaceholder1;e.g., Merlin the Focused;ex., Merlin o Focado
ContactPlaceholder2;you@example.com;voc√™@exemplo.com
ContactPlaceholder3;Which potion calls to you?;Qual po√ß√£o o chama?
ContactPlaceholder4;Type your message spell here...;Digite aqui a sua mensagem m√°gica...
ContactAddress;Raven Address: support@pixelpotions.shop;Endere√ßo do Corvo: support@pixelpotions.shop
ContactHotline;Cristal Ball Hotline: +1 (555) MAGIC-01;Linha Direta do Cristal: +1 (555) MAGIA-01
ContactLocation;Workshop Location: Somewhere between reality and imagination.;Localiza√ß√£o da Loja: Algures entre a realidade e a imagina√ß√£o.
RegisterTitle;Register as an Apprentice Brewer üß™;Registe-se como Aprendiz de fabricante de po√ß√µes üß™
RegisterText;Join the guild and start your potion-making journey!  Gain access to secret recipes, member-only discounts, and exclusive magical brews.;Junte-se √† guilda e comece a sua jornada na fabrica√ß√£o de po√ß√µes!  Obtenha acesso a receitas secretas, descontos exclusivos para membros, e misturas m√°gicas exclusivas.
RegisterUsername;Adventurer Name:;Nome do Aventureiro:
DisplayName;Display Name (Public):;Nome de Exibi√ß√£o (P√∫blico):
DisplayNamePlaceholder;e.g., Elara the Swift;ex., Elara a Veloz
RegisterEmail;Raven Address (Email):;Endere√ßo do Corvo (Email):
RegisterEmailPlaceholder;you@example.com;voc√™@exemplo.com
RegisterSecretPassword;Secret Word (Password):;Palavra Secreta (Senha):
RegisterSecretPasswordRepeat;Repeat Secret Word:;Repita a Palavra Secreta:
RegisterPageButton;Join the Guild! ‚ú®;Junte-se √† Guilda! ‚ú®
RegisterUsernamePlaceholder;e.g., Elara the Swift;ex., Elara a Veloz
LoginTitle;Login to your magic account;Inicie sess√£o na sua conta m√°gica
LoginUsername;Username;Nome de Utilizador
LoginUsernameEnter;Enter username;Digite o nome de utilizador
LoginPassword;Password;Senha
LoginPasswordEnter;Enter password;Digite a senha
LoginMessageSuccess;You are logged in, mighty alchemist!;Voc√™ est√° conectado, poderoso alquimista!
LoginMessageError;Invalid username or password. Please try again.;Nome de utilizador ou senha inv√°lidos. Por favor, tente novamente.